Wealth Access-Prod, wealthaccess.365159.cc.prod-intuit.ipp.prod
LendUp-Preprod,lendup.129461.cc.dev-intuit.ipp.prod
GuideFinancial-Prod,guidefinancial.78487.cc.prod-intuit.ipp.prod
 GuideFinancial-Dev,guidefinancial.32116.cc.dev-intuit.ipp.prod
Expense Cloud-Dev,expensecloud.353986.cc.dev-intuit.ipp.prod
 Expense Cloud Dev-Prod,app7.ExpenseCloud-dev.prod-intuit.ipp.prod
Expense Cloud-Prod,app7.ExpenseCloud-prod.prod-intuit.ipp.prod
Wallaby-Prod,wallaby_prod.10736.cc.prod-intuit.ipp.prod
Tallie-Preprod,tallie.112385.cc.dev-intuit.ipp.prod
Aplos-Prod,aploscadapi.108539.cc.prod-intuit.ipp.prod
CheqBook-Prod,cheqbook.359.cc.prod-intuit.ipp.prod
GuardVest-Prod,guardvest.85431.cc.prod-intuit.ipp.prod
Tallie-Prod,tallie.253544.cc.prod-intuit.ipp.prod
Acorns,acorns.120988.cc.prod-intuit.ipp.prod
InDinero,inDinero-dev.prod-intuit.ipp.prod
Wela-Prod,wela_customer_agg_with_batch.364433.cc.prod-intuit.ipp.prod
SoftPro,softproautoproclear.346568.cc.prod-intuit.ipp.prod
Nexonia,nexoniacreditcards.217758.cc.prod-intuit.ipp.prod
EveryDay(DaveRamsey),everydollar.324909.cc.prod-intuit.ipp.prod
Real Me,realmeapplication.343527.cc.prod-intuit.ipp.prod
ActiveHours,activehours.253494.cc.prod-intuit.ipp.prod
Wonder-Prod,wonder.35330.cc.prod-intuit.ipp.prod
Wonder-Dev,wonder.329708.cc.dev-intuit.ipp.prod
PointCatcher Real Dev,pointcatcherrealdev.6941.cc.dev-intuit.ipp.prod
Sweep,sweepapi.314725.cc.prod-intuit.ipp.prod
